start,end,duration_min,n_samples,n_sensors_missing
2017-01-03 15:50:00,2017-01-03 15:50:00,5,1,1
2017-01-07 17:05:00,2017-01-07 17:05:00,5,1,1
2017-01-10 09:35:00,2017-01-10 09:35:00,5,1,1
2017-01-10 09:50:00,2017-01-10 09:50:00,5,1,1
2017-01-10 10:25:00,2017-01-10 10:25:00,5,1,1
2017-01-10 23:45:00,2017-01-10 23:45:00,5,1,1
2017-01-16 20:45:00,2017-01-16 20:45:00,5,1,1
2017-01-20 10:25:00,2017-01-20 10:25:00,5,1,1
2017-01-26 08:35:00,2017-01-26 08:35:00,5,1,1
2017-02-04 13:55:00,2017-02-04 13:55:00,5,1,1
2017-02-10 06:20:00,2017-02-10 06:20:00,5,1,1
2017-02-10 07:25:00,2017-02-10 07:25:00,5,1,1
2017-02-10 09:20:00,2017-02-10 09:20:00,5,1,1
2017-02-10 09:50:00,2017-02-10 09:50:00,5,1,1
2017-02-23 09:20:00,2017-02-23 09:25:00,10,2,2
2017-02-23 09:35:00,2017-02-23 09:55:00,25,5,5
2017-02-23 10:05:00,2017-02-23 10:35:00,35,7,7
2017-03-06 09:40:00,2017-03-06 09:40:00,5,1,1
2017-03-10 10:00:00,2017-03-10 23:55:00,840,168,168
2017-03-14 21:45:00,2017-03-14 21:45:00,5,1,1
2017-03-25 01:50:00,2017-03-25 01:50:00,5,1,1
2017-03-30 20:50:00,2017-03-30 20:50:00,5,1,1
2017-04-05 12:15:00,2017-04-05 12:15:00,5,1,1
2017-04-05 16:45:00,2017-04-05 16:45:00,5,1,1
2017-04-10 00:00:00,2017-04-10 23:55:00,1440,288,288
2017-04-13 19:30:00,2017-04-13 19:30:00,5,1,1
2017-04-28 15:15:00,2017-04-28 15:15:00,5,1,1
2017-05-04 03:05:00,2017-05-04 03:05:00,5,1,1
2017-05-08 14:15:00,2017-05-08 16:05:00,115,23,23
2017-05-10 00:00:00,2017-05-10 14:45:00,890,178,178
2017-05-14 04:50:00,2017-05-14 04:50:00,5,1,1
2017-05-20 13:10:00,2017-05-20 15:20:00,135,27,27
2017-05-20 15:45:00,2017-05-20 15:45:00,5,1,1
2017-05-24 11:15:00,2017-05-24 11:15:00,5,1,1
2017-05-24 15:00:00,2017-05-24 15:00:00,5,1,1
2017-05-24 21:50:00,2017-05-24 21:50:00,5,1,1
2017-05-25 21:35:00,2017-05-25 21:35:00,5,1,1
2017-05-26 10:50:00,2017-05-26 10:50:00,5,1,1
2017-05-26 13:30:00,2017-05-26 13:30:00,5,1,1
2017-05-26 15:55:00,2017-05-26 15:55:00,5,1,1
2017-05-26 16:15:00,2017-05-26 16:15:00,5,1,1
2017-05-26 21:15:00,2017-05-26 21:15:00,5,1,1
2017-06-06 05:00:00,2017-06-06 05:00:00,5,1,1
2017-06-07 22:55:00,2017-06-07 22:55:00,5,1,1
2017-06-10 04:30:00,2017-06-10 08:25:00,240,48,48
2017-06-11 13:35:00,2017-06-11 13:35:00,5,1,1
2017-06-18 10:20:00,2017-06-18 10:20:00,5,1,1
2017-06-21 15:45:00,2017-06-21 15:45:00,5,1,1
2017-06-23 09:40:00,2017-06-23 10:30:00,55,11,11
2017-06-26 21:55:00,2017-06-26 21:55:00,5,1,1
2017-06-27 20:20:00,2017-06-27 20:20:00,5,1,1
2017-07-04 08:45:00,2017-07-04 09:05:00,25,5,5
2017-07-15 21:10:00,2017-07-15 21:10:00,5,1,1
2017-07-21 08:25:00,2017-07-21 08:25:00,5,1,1
2017-07-24 11:35:00,2017-07-24 11:35:00,5,1,1
2017-08-05 20:20:00,2017-08-05 20:20:00,5,1,1
2017-08-15 14:45:00,2017-08-15 14:45:00,5,1,1
2017-08-16 15:10:00,2017-08-16 15:10:00,5,1,1
2017-08-17 15:50:00,2017-08-17 15:50:00,5,1,1
2017-08-17 18:45:00,2017-08-17 18:45:00,5,1,1
2017-08-29 11:00:00,2017-08-29 11:05:00,10,2,2
2017-08-30 13:50:00,2017-08-30 13:50:00,5,1,1
2017-09-01 13:55:00,2017-09-01 15:35:00,105,21,21
2017-09-04 11:25:00,2017-09-04 11:30:00,10,2,2
2017-09-10 16:05:00,2017-09-10 17:00:00,60,12,12
2017-09-13 11:30:00,2017-09-13 11:30:00,5,1,1
2017-09-13 17:05:00,2017-09-13 17:05:00,5,1,1
2017-09-14 11:40:00,2017-09-14 11:40:00,5,1,1
2017-09-17 16:20:00,2017-09-17 18:10:00,115,23,23
2017-09-18 14:55:00,2017-09-18 14:55:00,5,1,1
2017-09-18 18:40:00,2017-09-18 18:40:00,5,1,1
2017-09-19 16:10:00,2017-09-19 16:10:00,5,1,1
2017-09-19 20:25:00,2017-09-19 20:25:00,5,1,1
2017-09-19 22:15:00,2017-09-19 22:15:00,5,1,1
2017-09-20 17:15:00,2017-09-20 17:15:00,5,1,1
2017-09-21 00:25:00,2017-09-21 00:25:00,5,1,1
2017-09-21 11:45:00,2017-09-21 11:50:00,10,2,2
2017-09-22 12:05:00,2017-09-22 12:25:00,25,5,5
2017-09-24 09:25:00,2017-09-24 09:25:00,5,1,1
2017-09-28 11:35:00,2017-09-28 11:35:00,5,1,1
2017-09-28 15:05:00,2017-09-28 15:05:00,5,1,1
2017-09-28 18:25:00,2017-09-28 18:25:00,5,1,1
2017-09-29 02:50:00,2017-09-29 02:50:00,5,1,1
2017-09-29 12:00:00,2017-09-29 12:00:00,5,1,1
2017-09-30 04:30:00,2017-09-30 04:30:00,5,1,1
2017-09-30 10:05:00,2017-09-30 10:05:00,5,1,1
2017-10-01 23:05:00,2017-10-01 23:55:00,55,11,11
2017-10-10 11:45:00,2017-10-10 11:45:00,5,1,1
2017-10-13 14:55:00,2017-10-13 16:45:00,115,23,23
2017-10-14 15:50:00,2017-10-14 15:50:00,5,1,1
2017-10-19 03:45:00,2017-10-19 03:45:00,5,1,1
2017-10-19 11:20:00,2017-10-19 11:20:00,5,1,1
2017-10-19 12:10:00,2017-10-19 15:20:00,195,39,39
2017-10-19 15:30:00,2017-10-19 17:45:00,140,28,28
2017-10-20 11:35:00,2017-10-20 11:45:00,15,3,3
2017-10-20 13:55:00,2017-10-20 14:30:00,40,8,8
2017-10-21 11:05:00,2017-10-21 11:05:00,5,1,1
2017-10-23 08:05:00,2017-10-23 08:05:00,5,1,1
2017-10-25 18:00:00,2017-10-25 18:00:00,5,1,1
2017-11-01 00:00:00,2017-11-01 01:30:00,95,19,19
2017-11-10 04:20:00,2017-11-10 04:25:00,10,2,2
2017-11-10 06:30:00,2017-11-10 06:40:00,15,3,3
2017-11-10 22:55:00,2017-11-10 23:55:00,65,13,13
2017-11-12 09:30:00,2017-11-12 09:30:00,5,1,1
2017-11-18 00:35:00,2017-11-18 00:35:00,5,1,1
2017-11-30 10:25:00,2017-11-30 10:25:00,5,1,1
2017-12-04 10:45:00,2017-12-04 10:45:00,5,1,1
2017-12-10 00:00:00,2017-12-10 00:15:00,20,4,4
2017-12-10 00:25:00,2017-12-10 00:25:00,5,1,1
2017-12-10 00:35:00,2017-12-10 01:10:00,40,8,8
2017-12-10 16:05:00,2017-12-10 16:05:00,5,1,1
2017-12-10 19:25:00,2017-12-10 19:25:00,5,1,1
2017-12-16 18:35:00,2017-12-16 18:35:00,5,1,1
2017-12-17 18:40:00,2017-12-17 18:40:00,5,1,1
2017-12-18 11:55:00,2017-12-18 11:55:00,5,1,1
2017-12-22 21:25:00,2017-12-22 21:25:00,5,1,1
2017-12-27 14:05:00,2017-12-27 14:05:00,5,1,1
2018-01-04 08:15:00,2018-01-04 08:15:00,5,1,1
2018-01-04 19:15:00,2018-01-04 19:15:00,5,1,1
2018-01-11 16:05:00,2018-01-11 16:05:00,5,1,1
2018-01-30 19:30:00,2018-01-30 19:30:00,5,1,1
2018-01-31 12:00:00,2018-01-31 12:00:00,5,1,1
2018-02-02 21:30:00,2018-02-02 21:30:00,5,1,1
2018-02-02 22:30:00,2018-02-02 22:30:00,5,1,1
2018-02-03 10:35:00,2018-02-03 10:35:00,5,1,1
2018-02-04 14:35:00,2018-02-04 14:35:00,5,1,1
2018-02-10 14:15:00,2018-02-10 14:15:00,5,1,1
2018-02-10 22:20:00,2018-02-10 22:20:00,5,1,1
2018-02-11 14:20:00,2018-02-11 14:20:00,5,1,1
2018-02-11 14:50:00,2018-02-11 14:50:00,5,1,1
2018-02-19 20:20:00,2018-02-19 20:35:00,20,4,4
2018-02-26 09:50:00,2018-02-26 10:10:00,25,5,5
2018-02-26 10:20:00,2018-02-26 10:55:00,40,8,8
2018-03-09 10:30:00,2018-03-09 10:30:00,5,1,1
2018-03-11 17:40:00,2018-03-11 17:40:00,5,1,1
2018-03-14 14:15:00,2018-03-14 14:15:00,5,1,1
2018-03-17 14:10:00,2018-03-17 14:10:00,5,1,1
2018-03-23 09:35:00,2018-03-23 09:35:00,5,1,1
2018-03-23 21:20:00,2018-03-23 21:20:00,5,1,1
2018-03-26 05:10:00,2018-03-26 05:10:00,5,1,1
2018-04-01 00:05:00,2018-04-01 00:05:00,5,1,1
2018-04-08 07:10:00,2018-04-08 07:10:00,5,1,1
2018-04-22 22:25:00,2018-04-22 22:25:00,5,1,1
2018-04-23 00:25:00,2018-04-23 00:25:00,5,1,1
2018-04-24 09:05:00,2018-04-24 09:05:00,5,1,1
2018-04-24 09:15:00,2018-04-24 09:15:00,5,1,1
2018-05-01 19:30:00,2018-05-01 19:30:00,5,1,1
2018-05-06 13:30:00,2018-05-06 13:30:00,5,1,1
2018-05-06 22:30:00,2018-05-06 22:30:00,5,1,1
2018-05-15 00:05:00,2018-05-15 00:05:00,5,1,1
2018-05-22 14:45:00,2018-05-22 14:45:00,5,1,1
2018-05-22 15:10:00,2018-05-22 15:10:00,5,1,1
2018-05-27 22:45:00,2018-05-27 22:45:00,5,1,1
2018-06-09 18:00:00,2018-06-09 18:00:00,5,1,1
2018-06-11 01:35:00,2018-06-11 01:35:00,5,1,1
2018-06-11 22:35:00,2018-06-11 22:35:00,5,1,1
2018-06-13 12:05:00,2018-06-13 12:05:00,5,1,1
2018-06-13 13:15:00,2018-06-13 13:15:00,5,1,1
2018-06-14 11:45:00,2018-06-14 13:25:00,105,21,21
2018-06-14 17:45:00,2018-06-14 18:40:00,60,12,12
2018-06-14 20:30:00,2018-06-14 20:30:00,5,1,1
2018-06-17 12:40:00,2018-06-17 12:40:00,5,1,1
2018-06-18 19:00:00,2018-06-18 19:55:00,60,12,12
2018-06-19 04:15:00,2018-06-19 05:05:00,55,11,11
2018-06-19 05:15:00,2018-06-19 06:10:00,60,12,12
2018-06-19 08:50:00,2018-06-19 10:50:00,125,25,25
2018-07-02 17:55:00,2018-07-02 17:55:00,5,1,1
2018-07-03 17:35:00,2018-07-03 17:35:00,5,1,1
2018-07-05 18:15:00,2018-07-05 18:15:00,5,1,1
2018-07-05 18:45:00,2018-07-05 18:45:00,5,1,1
2018-07-05 19:10:00,2018-07-05 19:10:00,5,1,1
2018-07-05 21:15:00,2018-07-05 21:15:00,5,1,1
2018-07-06 11:35:00,2018-07-06 11:35:00,5,1,1
2018-07-09 20:00:00,2018-07-09 20:00:00,5,1,1
2018-07-21 13:50:00,2018-07-21 13:50:00,5,1,1
2018-08-03 15:00:00,2018-08-03 15:00:00,5,1,1
2018-08-05 18:05:00,2018-08-05 18:05:00,5,1,1
2018-08-05 18:25:00,2018-08-05 18:25:00,5,1,1
2018-08-05 19:05:00,2018-08-05 19:05:00,5,1,1
2018-08-05 21:05:00,2018-08-05 21:05:00,5,1,1
2018-08-08 20:10:00,2018-08-08 20:10:00,5,1,1
2018-08-09 10:40:00,2018-08-09 10:40:00,5,1,1
2018-08-17 11:40:00,2018-08-17 11:40:00,5,1,1
2018-08-18 01:35:00,2018-08-18 01:35:00,5,1,1
2018-08-18 16:55:00,2018-08-18 16:55:00,5,1,1
2018-08-24 10:35:00,2018-08-24 10:35:00,5,1,1
2018-08-25 19:40:00,2018-08-25 19:40:00,5,1,1
2018-08-25 23:40:00,2018-08-25 23:40:00,5,1,1
2018-09-05 11:00:00,2018-09-05 11:00:00,5,1,1
2018-09-05 15:35:00,2018-09-05 15:35:00,5,1,1
2018-09-08 16:55:00,2018-09-08 16:55:00,5,1,1
2018-09-08 18:55:00,2018-09-08 18:55:00,5,1,1
2018-09-09 18:30:00,2018-09-09 18:30:00,5,1,1
2018-09-21 18:45:00,2018-09-21 18:45:00,5,1,1
2018-09-21 19:10:00,2018-09-21 19:10:00,5,1,1
2018-09-26 04:15:00,2018-09-26 04:15:00,5,1,1
2018-09-26 06:55:00,2018-09-26 06:55:00,5,1,1
2018-09-30 16:00:00,2018-09-30 16:00:00,5,1,1
2018-10-08 20:30:00,2018-10-08 20:30:00,5,1,1
2018-10-10 03:10:00,2018-10-10 03:10:00,5,1,1
2018-10-12 15:15:00,2018-10-12 15:15:00,5,1,1
2018-10-15 13:10:00,2018-10-15 13:10:00,5,1,1
2018-10-16 14:40:00,2018-10-16 14:45:00,10,2,2
2018-10-17 16:25:00,2018-10-17 16:25:00,5,1,1
2018-10-19 22:00:00,2018-10-19 22:00:00,5,1,1
2018-10-23 11:45:00,2018-10-23 11:45:00,5,1,1
2018-10-23 17:55:00,2018-10-23 17:55:00,5,1,1
2018-10-28 17:05:00,2018-10-28 17:05:00,5,1,1
2018-10-29 13:10:00,2018-10-29 13:10:00,5,1,1
2018-10-29 14:40:00,2018-10-29 14:40:00,5,1,1
2018-10-29 16:10:00,2018-10-29 16:10:00,5,1,1
2018-10-31 07:05:00,2018-10-31 07:05:00,5,1,1
2018-10-31 16:45:00,2018-10-31 16:45:00,5,1,1
2018-11-02 19:20:00,2018-11-02 19:20:00,5,1,1
2018-11-07 00:55:00,2018-11-07 00:55:00,5,1,1
2018-11-12 20:50:00,2018-11-12 20:50:00,5,1,1
2018-11-26 09:45:00,2018-11-26 14:40:00,300,60,60
2018-12-04 18:05:00,2018-12-04 18:05:00,5,1,1
2019-01-23 22:10:00,2019-01-23 22:10:00,5,1,1
2019-02-06 16:50:00,2019-02-06 17:40:00,55,11,11
2019-02-21 12:55:00,2019-02-21 12:55:00,5,1,1
2019-03-02 16:45:00,2019-03-02 16:45:00,5,1,1
2019-03-11 17:50:00,2019-03-11 17:50:00,5,1,1
2019-03-13 11:25:00,2019-03-13 13:00:00,100,20,20
2019-03-13 14:55:00,2019-03-13 15:40:00,50,10,10
2019-03-14 16:10:00,2019-03-14 16:10:00,5,1,1
2019-03-16 12:10:00,2019-03-16 12:10:00,5,1,1
2019-03-24 03:05:00,2019-03-24 03:05:00,5,1,1
2019-03-26 18:20:00,2019-03-26 18:20:00,5,1,1
2019-04-10 13:00:00,2019-04-10 13:00:00,5,1,1
2019-04-14 14:50:00,2019-04-14 14:50:00,5,1,1
2019-04-20 11:35:00,2019-04-20 12:50:00,80,16,16
2019-04-21 09:05:00,2019-04-21 09:05:00,5,1,1
2019-04-27 06:35:00,2019-04-27 06:35:00,5,1,1
2019-04-27 23:20:00,2019-04-27 23:20:00,5,1,1
2019-05-05 02:35:00,2019-05-05 02:35:00,5,1,1
2019-05-08 12:40:00,2019-05-08 12:40:00,5,1,1
2019-05-16 18:35:00,2019-05-16 18:35:00,5,1,1
2019-05-18 07:20:00,2019-05-18 07:20:00,5,1,1
2019-05-26 17:05:00,2019-05-26 17:05:00,5,1,1
2019-05-26 17:25:00,2019-05-26 17:25:00,5,1,1
2019-05-29 20:35:00,2019-05-29 20:35:00,5,1,1
2019-06-02 14:35:00,2019-06-02 14:35:00,5,1,1
2019-06-07 04:25:00,2019-06-07 04:25:00,5,1,1
2019-06-09 21:10:00,2019-06-09 21:10:00,5,1,1
2019-06-22 10:15:00,2019-06-22 10:15:00,5,1,1
2019-06-23 01:20:00,2019-06-23 01:20:00,5,1,1
2019-06-23 03:45:00,2019-06-23 03:45:00,5,1,1
2019-06-23 21:50:00,2019-06-23 21:50:00,5,1,1
2019-06-25 11:40:00,2019-06-25 11:40:00,5,1,1
2019-06-25 14:25:00,2019-06-25 14:25:00,5,1,1
2019-06-25 18:35:00,2019-06-25 18:35:00,5,1,1
2019-06-25 20:20:00,2019-06-25 20:20:00,5,1,1
2019-06-25 22:10:00,2019-06-25 22:10:00,5,1,1
2019-06-26 03:30:00,2019-06-26 03:30:00,5,1,1
2019-06-26 17:45:00,2019-06-26 17:55:00,15,3,3
2019-06-30 12:15:00,2019-06-30 12:15:00,5,1,1
2019-07-06 11:10:00,2019-07-06 11:10:00,5,1,1
2019-07-12 12:40:00,2019-07-12 12:40:00,5,1,1
2019-07-14 13:50:00,2019-07-14 13:50:00,5,1,1
2019-07-18 19:40:00,2019-07-18 19:40:00,5,1,1
2019-07-23 21:05:00,2019-07-23 21:05:00,5,1,1
2019-07-25 12:30:00,2019-07-25 12:30:00,5,1,1
2019-07-27 01:05:00,2019-07-27 01:05:00,5,1,1
2019-08-05 18:00:00,2019-08-05 18:15:00,20,4,4
2019-08-07 15:05:00,2019-08-07 15:05:00,5,1,1
2019-08-09 16:10:00,2019-08-09 16:10:00,5,1,1
2019-08-30 21:05:00,2019-08-30 21:05:00,5,1,1
2019-09-05 16:00:00,2019-09-05 16:15:00,20,4,4
2019-09-07 15:30:00,2019-09-07 15:30:00,5,1,1
2019-09-21 20:55:00,2019-09-21 20:55:00,5,1,1
2019-09-21 21:30:00,2019-09-21 21:30:00,5,1,1
2019-09-28 19:55:00,2019-09-28 19:55:00,5,1,1
2019-09-29 00:40:00,2019-09-29 00:40:00,5,1,1
2019-09-29 11:10:00,2019-09-29 11:10:00,5,1,1
2019-10-06 14:20:00,2019-10-06 14:20:00,5,1,1
2019-10-06 14:40:00,2019-10-06 14:40:00,5,1,1
2019-10-06 15:40:00,2019-10-06 15:40:00,5,1,1
2019-10-16 19:30:00,2019-10-16 19:35:00,10,2,2
2019-10-17 15:20:00,2019-10-17 15:20:00,5,1,1
2019-10-17 20:25:00,2019-10-17 20:25:00,5,1,1
2019-10-18 10:45:00,2019-10-18 10:45:00,5,1,1
2019-10-18 12:10:00,2019-10-18 12:30:00,25,5,5
2019-10-18 18:30:00,2019-10-18 18:30:00,5,1,1
2019-10-19 08:05:00,2019-10-19 08:05:00,5,1,1
2019-10-19 12:50:00,2019-10-19 12:50:00,5,1,1
2019-10-19 14:55:00,2019-10-19 15:10:00,20,4,4
2019-10-20 05:30:00,2019-10-20 05:30:00,5,1,1
2019-10-20 20:50:00,2019-10-20 20:50:00,5,1,1
2019-10-20 21:20:00,2019-10-20 21:20:00,5,1,1
2019-10-30 19:50:00,2019-10-30 19:50:00,5,1,1
2019-11-07 12:50:00,2019-11-07 12:50:00,5,1,1
2019-11-12 09:20:00,2019-11-12 09:20:00,5,1,1
2019-11-14 15:40:00,2019-11-14 16:55:00,80,16,16
2019-11-15 01:25:00,2019-11-15 01:25:00,5,1,1
2019-11-20 04:15:00,2019-11-20 04:15:00,5,1,1
2019-11-22 06:20:00,2019-11-22 06:20:00,5,1,1
2019-11-23 10:45:00,2019-11-23 10:45:00,5,1,1
2019-11-27 04:50:00,2019-11-27 04:50:00,5,1,1
2019-11-28 05:35:00,2019-11-28 05:35:00,5,1,1
2019-12-07 04:10:00,2019-12-07 04:10:00,5,1,1
2019-12-11 10:10:00,2019-12-11 10:10:00,5,1,1
2019-12-11 15:05:00,2019-12-11 15:05:00,5,1,1
2019-12-11 22:30:00,2019-12-11 22:30:00,5,1,1
2019-12-26 10:05:00,2019-12-26 10:05:00,5,1,1
2019-12-27 10:05:00,2019-12-27 11:00:00,60,12,12
2020-01-01 21:25:00,2020-01-01 21:25:00,5,1,1
2020-01-07 13:10:00,2020-01-07 13:10:00,5,1,1
2020-01-08 00:35:00,2020-01-08 00:35:00,5,1,1
2020-01-08 13:55:00,2020-01-08 13:55:00,5,1,1
2020-01-22 18:25:00,2020-01-22 18:25:00,5,1,1
2020-01-22 22:20:00,2020-01-22 22:20:00,5,1,1
2020-01-23 17:40:00,2020-01-23 17:40:00,5,1,1
2020-01-29 19:25:00,2020-01-29 21:15:00,115,23,23
2020-01-31 11:35:00,2020-01-31 11:35:00,5,1,1
2020-01-31 14:40:00,2020-01-31 14:40:00,5,1,1
2020-02-02 16:10:00,2020-02-02 16:10:00,5,1,1
2020-02-07 11:40:00,2020-02-07 11:40:00,5,1,1
2020-02-07 13:50:00,2020-02-07 13:50:00,5,1,1
2020-02-17 14:10:00,2020-02-17 14:10:00,5,1,1
2020-02-18 22:25:00,2020-02-18 22:25:00,5,1,1
2020-02-22 12:35:00,2020-02-22 12:35:00,5,1,1
2020-03-07 12:35:00,2020-03-07 12:35:00,5,1,1
2020-03-07 15:30:00,2020-03-07 15:30:00,5,1,1
2020-03-18 01:30:00,2020-03-18 01:30:00,5,1,1
2020-03-31 17:45:00,2020-03-31 17:45:00,5,1,1
2020-04-08 14:50:00,2020-04-08 14:50:00,5,1,1
2020-04-08 20:45:00,2020-04-08 20:45:00,5,1,1
2020-04-13 14:50:00,2020-04-13 14:50:00,5,1,1
2020-04-17 14:45:00,2020-04-17 14:45:00,5,1,1
2020-04-25 23:40:00,2020-04-25 23:40:00,5,1,1
2020-04-28 10:20:00,2020-04-28 10:20:00,5,1,1
2020-05-02 19:30:00,2020-05-02 19:30:00,5,1,1
2020-05-19 04:35:00,2020-05-19 04:35:00,5,1,1
2020-05-22 14:40:00,2020-05-22 14:40:00,5,1,1
2020-05-22 18:50:00,2020-05-22 18:50:00,5,1,1
2020-05-31 23:55:00,2020-05-31 23:55:00,5,1,1
2020-06-06 07:55:00,2020-06-06 07:55:00,5,1,1
2020-06-07 22:15:00,2020-06-07 22:15:00,5,1,1
2020-06-13 17:50:00,2020-06-13 17:50:00,5,1,1
2020-06-14 08:35:00,2020-06-14 08:35:00,5,1,1
2020-06-15 22:50:00,2020-06-15 22:50:00,5,1,1
2020-06-16 06:05:00,2020-06-16 06:05:00,5,1,1
2020-06-19 05:15:00,2020-06-19 05:15:00,5,1,1
2020-06-30 01:05:00,2020-06-30 01:05:00,5,1,1
2020-07-13 13:50:00,2020-07-13 13:50:00,5,1,1
2020-07-13 21:20:00,2020-07-13 21:20:00,5,1,1
2020-07-14 20:50:00,2020-07-14 20:50:00,5,1,1
2020-07-20 22:40:00,2020-07-20 22:40:00,5,1,1
2020-07-22 00:05:00,2020-07-22 00:05:00,5,1,1
2020-07-22 07:30:00,2020-07-22 07:30:00,5,1,1
2020-07-25 17:10:00,2020-07-25 17:10:00,5,1,1
2020-07-29 01:00:00,2020-07-29 01:00:00,5,1,1
2020-07-31 02:30:00,2020-07-31 02:30:00,5,1,1
2020-09-04 14:50:00,2020-09-04 14:50:00,5,1,1
2020-12-02 09:05:00,2020-12-02 09:05:00,5,1,1
2020-12-06 08:15:00,2020-12-06 08:15:00,5,1,1
