rank,start,end,duration_min,n_samples,pct_samples_flagged,peak_score,mean_score,n_abnormal_vars,abnormal_variables,dominant_vars_top2,regime,if_pct_max,category,shutdown_context,startup_context,evidence,magnitude,breadth,severity
1,2018-07-15 21:15:00,2018-07-15 23:35:00,145.0,29,100.0,50.0,50.0,6,Cyclone_Inlet_Gas_Temp; Cyclone_Material_Temp; Cyclone_Outlet_Gas_draft; Cyclone_cone_draft; Cyclone_Gas_Outlet_Temp; Cyclone_Inlet_Draft,Cyclone_Gas_Outlet_Temp; Cyclone_Material_Temp,1,97.2,instrument_fault,True,False,Cyclone_Inlet_Gas_Temp frozen at 99.99 for 100% of interval (145 min) -> stuck value | inside COLD/SHUTDOWN regime,1.0,1.0,1.0
2,2020-05-17 10:30:00,2020-05-17 22:20:00,715.0,143,100.0,50.0,34.72,6,Cyclone_Inlet_Gas_Temp; Cyclone_Material_Temp; Cyclone_Outlet_Gas_draft; Cyclone_cone_draft; Cyclone_Gas_Outlet_Temp; Cyclone_Inlet_Draft,Cyclone_Inlet_Gas_Temp; Cyclone_Gas_Outlet_Temp,0,99.5,process_correlated,False,False,"6 coupled sensors deviate together: Cyclone_Inlet_Gas_Temp, Cyclone_Material_Temp, Cyclone_Outlet_Gas_draft, Cyclone_cone_draft, Cyclone_Gas_Outlet_Temp, Cyclone_Inlet_Draft",0.8444,1.0,0.9729
3,2017-08-06 16:30:00,2017-08-07 01:20:00,535.0,107,100.0,50.0,35.05,6,Cyclone_Inlet_Gas_Temp; Cyclone_Material_Temp; Cyclone_Outlet_Gas_draft; Cyclone_cone_draft; Cyclone_Gas_Outlet_Temp; Cyclone_Inlet_Draft,Cyclone_Material_Temp; Cyclone_Inlet_Gas_Temp,0,99.9,process_correlated,False,False,"6 coupled sensors deviate together: Cyclone_Inlet_Gas_Temp, Cyclone_Material_Temp, Cyclone_Outlet_Gas_draft, Cyclone_cone_draft, Cyclone_Gas_Outlet_Temp, Cyclone_Inlet_Draft",0.8524,1.0,0.9676
4,2017-03-30 20:55:00,2017-03-30 23:30:00,160.0,32,100.0,50.0,41.07,5,Cyclone_Inlet_Gas_Temp; Cyclone_Outlet_Gas_draft; Cyclone_cone_draft; Cyclone_Gas_Outlet_Temp; Cyclone_Inlet_Draft,Cyclone_cone_draft; Cyclone_Inlet_Draft,0,99.9,process_correlated,False,False,"5 coupled sensors deviate together: Cyclone_Inlet_Gas_Temp, Cyclone_Outlet_Gas_draft, Cyclone_cone_draft, Cyclone_Gas_Outlet_Temp, Cyclone_Inlet_Draft | note: starting at +70 min after onset, 1 instantaneous temperature step(s) >=300C across 1 channel(s) appear in single 5-min samples, none of them crossing into the cold boundary (<100C) (e.g. Cyclone_Material_Temp 900 -> 595 C, 305C) - jumps far beyond thermal-mass limits, but NOT a recorded hot<->cold operating-state transition -> the startup/shutdown evidence chain does not apply, so the period stays rankable; scores near the step(s) carry some stale-baseline inflation",0.9988,0.8333,0.9653
5,2019-07-04 20:10:00,2019-07-04 20:50:00,45.0,9,100.0,50.0,50.0,6,Cyclone_Inlet_Gas_Temp; Cyclone_Material_Temp; Cyclone_Outlet_Gas_draft; Cyclone_cone_draft; Cyclone_Gas_Outlet_Temp; Cyclone_Inlet_Draft,Cyclone_Gas_Outlet_Temp; Cyclone_Material_Temp,1,98.8,instrument_fault,True,False,"Cyclone_Inlet_Gas_Temp frozen at 100.0 for 100% of interval (45 min) -> stuck value | note: starting at onset, 1 instantaneous temperature step(s) >=300C across 1 channel(s) appear in single 5-min samples, none of them crossing into the cold boundary (<100C) (e.g. Cyclone_Inlet_Gas_Temp 869 -> 100 C, 769C) - jumps far beyond thermal-mass limits, but NOT a recorded hot<->cold operating-state transition -> the startup/shutdown evidence chain does not apply, so the period stays rankable; scores near the step(s) carry some stale-baseline inflation | inside COLD/SHUTDOWN regime",1.0,1.0,0.9628
6,2018-09-07 00:00:00,2018-09-08 01:20:00,1525.0,305,100.0,50.0,29.73,6,Cyclone_Inlet_Gas_Temp; Cyclone_Material_Temp; Cyclone_Outlet_Gas_draft; Cyclone_cone_draft; Cyclone_Gas_Outlet_Temp; Cyclone_Inlet_Draft,Cyclone_Inlet_Gas_Temp; Cyclone_Gas_Outlet_Temp,1,99.9,process_correlated,True,False,"6 coupled sensors deviate together: Cyclone_Inlet_Gas_Temp, Cyclone_Material_Temp, Cyclone_Outlet_Gas_draft, Cyclone_cone_draft, Cyclone_Gas_Outlet_Temp, Cyclone_Inlet_Draft | note: starting at onset, 3 instantaneous temperature step(s) >=300C across 3 channel(s) appear in single 5-min samples, none of them crossing into the cold boundary (<100C) (e.g. Cyclone_Inlet_Gas_Temp 961 -> 378 C, 584C) - jumps far beyond thermal-mass limits, but NOT a recorded hot<->cold operating-state transition -> the startup/shutdown evidence chain does not apply, so the period stays rankable; scores near the step(s) carry some stale-baseline inflation | inside COLD/SHUTDOWN regime",0.723,1.0,0.9362
7,2019-06-30 22:20:00,2019-06-30 23:55:00,100.0,20,100.0,50.0,39.58,5,Cyclone_Inlet_Gas_Temp; Cyclone_Material_Temp; Cyclone_Outlet_Gas_draft; Cyclone_cone_draft; Cyclone_Inlet_Draft,Cyclone_Outlet_Gas_draft; Cyclone_Inlet_Draft,0,99.6,process_correlated,False,False,"5 coupled sensors deviate together: Cyclone_Inlet_Gas_Temp, Cyclone_Material_Temp, Cyclone_Outlet_Gas_draft, Cyclone_cone_draft, Cyclone_Inlet_Draft",0.9626,0.8333,0.932
8,2019-01-08 15:45:00,2019-01-09 01:20:00,580.0,116,100.0,50.0,31.32,6,Cyclone_Inlet_Gas_Temp; Cyclone_Material_Temp; Cyclone_Outlet_Gas_draft; Cyclone_cone_draft; Cyclone_Gas_Outlet_Temp; Cyclone_Inlet_Draft,Cyclone_Inlet_Gas_Temp; Cyclone_Material_Temp,0,99.9,process_correlated,False,False,"6 coupled sensors deviate together: Cyclone_Inlet_Gas_Temp, Cyclone_Material_Temp, Cyclone_Outlet_Gas_draft, Cyclone_cone_draft, Cyclone_Gas_Outlet_Temp, Cyclone_Inlet_Draft",0.7617,1.0,0.9245
9,2017-07-31 04:30:00,2017-07-31 17:00:00,755.0,151,99.3,50.0,32.55,5,Cyclone_Inlet_Gas_Temp; Cyclone_Material_Temp; Cyclone_Outlet_Gas_draft; Cyclone_Gas_Outlet_Temp; Cyclone_Inlet_Draft,Cyclone_Inlet_Gas_Temp; Cyclone_Gas_Outlet_Temp,0,99.9,process_correlated,False,False,"5 coupled sensors deviate together: Cyclone_Inlet_Gas_Temp, Cyclone_Material_Temp, Cyclone_Outlet_Gas_draft, Cyclone_Gas_Outlet_Temp, Cyclone_Inlet_Draft",0.7916,0.8333,0.91
10,2018-08-03 00:00:00,2018-08-03 01:20:00,85.0,17,100.0,49.48,37.25,5,Cyclone_Inlet_Gas_Temp; Cyclone_Outlet_Gas_draft; Cyclone_cone_draft; Cyclone_Gas_Outlet_Temp; Cyclone_Inlet_Draft,Cyclone_Outlet_Gas_draft; Cyclone_Inlet_Draft,0,100.0,process_correlated,False,False,"5 coupled sensors deviate together: Cyclone_Inlet_Gas_Temp, Cyclone_Outlet_Gas_draft, Cyclone_cone_draft, Cyclone_Gas_Outlet_Temp, Cyclone_Inlet_Draft | note: starting at onset, 5 instantaneous temperature step(s) >=300C across 1 channel(s) appear in single 5-min samples, none of them crossing into the cold boundary (<100C) (e.g. Cyclone_Material_Temp 901 -> 438 C, 463C) - jumps far beyond thermal-mass limits, but NOT a recorded hot<->cold operating-state transition -> the startup/shutdown evidence chain does not apply, so the period stays rankable; scores near the step(s) carry some stale-baseline inflation",0.9059,0.8333,0.8983
11,2017-09-13 00:00:00,2017-09-14 00:30:00,1475.0,295,99.3,50.0,37.91,2,Cyclone_Inlet_Gas_Temp; Cyclone_Gas_Outlet_Temp,Cyclone_Inlet_Gas_Temp; Cyclone_Gas_Outlet_Temp,0,100.0,process_correlated,False,False,"2 coupled sensors deviate together: Cyclone_Inlet_Gas_Temp, Cyclone_Gas_Outlet_Temp | note: starting at onset, 1 instantaneous temperature step(s) >=300C across 1 channel(s) appear in single 5-min samples, none of them crossing into the cold boundary (<100C) (e.g. Cyclone_Material_Temp 847 -> 289 C, 558C) - jumps far beyond thermal-mass limits, but NOT a recorded hot<->cold operating-state transition -> the startup/shutdown evidence chain does not apply, so the period stays rankable; scores near the step(s) carry some stale-baseline inflation",0.922,0.3333,0.8853
12,2019-10-26 15:00:00,2019-10-27 06:55:00,960.0,192,100.0,50.0,26.56,6,Cyclone_Inlet_Gas_Temp; Cyclone_Material_Temp; Cyclone_Outlet_Gas_draft; Cyclone_cone_draft; Cyclone_Gas_Outlet_Temp; Cyclone_Inlet_Draft,Cyclone_Inlet_Gas_Temp; Cyclone_Gas_Outlet_Temp,0,98.7,process_correlated,False,False,"6 coupled sensors deviate together: Cyclone_Inlet_Gas_Temp, Cyclone_Material_Temp, Cyclone_Outlet_Gas_draft, Cyclone_cone_draft, Cyclone_Gas_Outlet_Temp, Cyclone_Inlet_Draft",0.6459,1.0,0.8825
13,2019-04-14 18:40:00,2019-04-16 05:55:00,2120.0,424,100.0,50.0,36.55,2,Cyclone_Inlet_Gas_Temp; Cyclone_Gas_Outlet_Temp,Cyclone_Inlet_Gas_Temp; Cyclone_Gas_Outlet_Temp,0,99.5,process_correlated,False,False,"2 coupled sensors deviate together: Cyclone_Inlet_Gas_Temp, Cyclone_Gas_Outlet_Temp",0.8889,0.3333,0.8812
14,2018-06-12 00:00:00,2018-06-13 01:20:00,1525.0,305,100.0,50.0,33.6,3,Cyclone_Inlet_Gas_Temp; Cyclone_Material_Temp; Cyclone_Gas_Outlet_Temp,Cyclone_Inlet_Gas_Temp; Cyclone_Gas_Outlet_Temp,0,100.0,process_correlated,False,False,"3 coupled sensors deviate together: Cyclone_Inlet_Gas_Temp, Cyclone_Material_Temp, Cyclone_Gas_Outlet_Temp | note: starting at onset, 1 instantaneous temperature step(s) >=300C across 1 channel(s) appear in single 5-min samples, none of them crossing into the cold boundary (<100C) (e.g. Cyclone_Material_Temp 927 -> 504 C, 423C) - jumps far beyond thermal-mass limits, but NOT a recorded hot<->cold operating-state transition -> the startup/shutdown evidence chain does not apply, so the period stays rankable; scores near the step(s) carry some stale-baseline inflation",0.8172,0.5,0.8717
15,2018-05-31 19:05:00,2018-06-01 01:20:00,380.0,76,100.0,50.0,28.11,6,Cyclone_Inlet_Gas_Temp; Cyclone_Material_Temp; Cyclone_Outlet_Gas_draft; Cyclone_cone_draft; Cyclone_Gas_Outlet_Temp; Cyclone_Inlet_Draft,Cyclone_Inlet_Gas_Temp; Cyclone_Material_Temp,0,99.9,process_correlated,False,False,"6 coupled sensors deviate together: Cyclone_Inlet_Gas_Temp, Cyclone_Material_Temp, Cyclone_Outlet_Gas_draft, Cyclone_cone_draft, Cyclone_Gas_Outlet_Temp, Cyclone_Inlet_Draft",0.6836,1.0,0.8716
